{
    "loss": 2.1621792316436768,
    "accuracy": 0.7191780805587769
}