{
    "loss": 7.39539098739624,
    "accuracy": 0.698630154132843
}